[{"username": "admin", "password": "e10adc3949ba59abbe56e057f20f883e", "sex": 0, "hobby": ["旅游"], "birthday": "2000/1/15"}, {"username": "root", "password": "e10adc3949ba59abbe56e057f20f883e", "sex": 0, "hobby": ["旅游"], "birthday": "2000/1/15"}, {"username": "a", "password": "0cc175b9c0f1b6a831c399e269772661", "sex": 0, "hobby": ["美食", "旅游", "购物"], "birthday": "2022/6/4"}, {"username": "123456", "password": "e10adc3949ba59abbe56e057f20f883e", "sex": 0, "hobby": ["美食"], "birthday": "2022/12/20"}]